Mario,Rossi,mario.rossi@gmail.com,CONFERMATO
Lisa,Lisi,lisa.lisi@gmail.com,CONFERMATO
Paolo,Giallo,paolo.giallo@gmail.com,CONFERMATO
Marta,Verde,marta.verde@gmail.com,CONFERMATO
Giacomo,Pinko,giacomo.pinko@gmail.com,CONFERMATO
Anna,Neri,anna.neri@test.com,CONFERMATO
Marco,Blu,marco.blue@test.com,RIFIUTATO
